{
  "project_info": {
    "project_number": "841470334407",
    "firebase_url": "https://finwal-e8344.firebaseio.com",
    "project_id": "finwal-e8344",
    "storage_bucket": "finwal-e8344.appspot.com"
  },
  "client": [
    {
      "client_info": {
        "mobilesdk_app_id": "1:841470334407:android:191fc2a64fe3fce7",
        "android_client_info": {
          "package_name": "com.wanmoon.finwal"
        }
      },
      "oauth_client": [
        {
          "client_id": "841470334407-e404bvjj4jp5pck9q9sce69n97fvrf4m.apps.googleusercontent.com",
          "client_type": 1,
          "android_info": {
            "package_name": "com.wanmoon.finwal",
            "certificate_hash": "cd4d548112f6b4461782bc8f15f0978dbfebedbd"
          }
        },
        {
          "client_id": "841470334407-9nk65dpjo9udjjouo5mvnv2qf9pfr3d0.apps.googleusercontent.com",
          "client_type": 3
        }
      ],
      "api_key": [
        {
          "current_key": "AIzaSyA3vxMp27VKYSH3YUCwJZ3yzJNQRYSZ1l0"
        }
      ],
      "services": {
        "analytics_service": {
          "status": 1
        },
        "appinvite_service": {
          "status": 2,
          "other_platform_oauth_client": [
            {
              "client_id": "841470334407-9nk65dpjo9udjjouo5mvnv2qf9pfr3d0.apps.googleusercontent.com",
              "client_type": 3
            }
          ]
        },
        "ads_service": {
          "status": 2
        }
      }
    }
  ],
  "configuration_version": "1"
}